S. No.,Material,Link,Available Thicknesses,Laser Cutting,CNC Routing,Waterjet Cutting,Bending,Anodizing,Deburring,Countersinking,Hardware Insertion,Plating,Powder Coating,Tapping,Tumbling,Dimple Forming,Description
1,2024 T3 Aluminum,Link,"0.025""",Yes,No,No,Yes,No,No,No,No,No,No,No,No,No,"High tensile strength, ideal for aerospace applications."
2,5052 H32 Aluminum,Link,"0.040"", 0.050"", 0.063"", 0.080"", 0.100"", 0.125"", 0.187"", 0.250"", 0.375"", 0.500""",Yes,No,No,Yes,Yes,Yes,Yes,Yes,No,Yes,Yes,Yes,No,"Excellent corrosion resistance, suitable for marine and industrial applications."
3,6061 T6 Aluminum,Link,"0.040"", 0.063"", 0.080"", 0.125"", 0.187"", 0.250"", 0.375"", 0.500""",Yes,No,No,Yes,Yes,Yes,Yes,Yes,No,Yes,Yes,Yes,No,Versatile and widely used for its strength and workability.
4,7075 T6 Aluminum,Link,"0.125"", 0.190"", 0.250""",Yes,No,No,No,Yes,Yes,Yes,Yes,No,Yes,Yes,Yes,No,"High strength-to-weight ratio, ideal for aerospace and high-stress applications."
5,AR400 Steel,Link,"0.250""",Yes,No,No,No,No,No,No,No,No,No,No,Yes,No,"Abrasion resistant, used in mining equipment and construction machinery."
6,AR500 Steel,Link,"0.119"", 0.187"", 0.250"", 0.375"", 0.500""",Yes,No,No,No,No,No,No,No,No,No,No,Yes,No,"High impact resistance, suitable for armor plating and shooting targets."
7,1075 Blue Temper Spring Steel,Link,"0.015""",Yes,No,No,No,No,No,No,No,No,No,No,No,No,"Reliable spring properties, used in springs and clamps."
8,Brass,Link,"0.040"", 0.063"", 0.125"", 0.187"", 0.250""",Yes,No,No,Yes,No,Yes,No,No,No,No,Yes,Yes,No,"Excellent machinability and corrosion resistance, suitable for decorative and functional uses."
9,4130 Chromoly,Link,"0.050"", 0.063"", 0.125"", 0.190"", 0.250""",Yes,No,No,Yes,No,No,No,No,Yes,Yes,No,Yes,No,"High strength-to-weight ratio, ideal for bicycle frames and roll cages."
10,Copper,Link,"0.040"", 0.063"", 0.125"", 0.187"", 0.250""",Yes,No,No,Yes,No,Yes,No,No,Yes,No,Yes,Yes,No,"Excellent electrical conductivity and antimicrobial properties, used in electrical components."
11,G90 Steel,Link,"0.030"", 0.036"", 0.048"", 0.059"", 0.074""",Yes,No,No,Yes,No,No,No,Yes,No,Yes,Yes,No,No,"Galvanized coating for corrosion resistance, used in automotive and construction."
12,Mild Steel,Link,"0.030"", 0.048"", 0.059"", 0.074"", 0.104"", 0.119"", 0.135"", 0.187"", 0.250"", 0.375"", 0.500""",Yes,No,No,Yes,No,Yes,No,Yes,Yes,Yes,Yes,Yes,Yes,"Malleable and weldable, used for general fabrication and structural applications."
13,Stainless Steel (304),Link,"0.030"", 0.048"", 0.060"", 0.074"", 0.100"", 0.125"", 0.187"", 0.250"", 0.375"", 0.500""",Yes,No,No,Yes,No,Yes,No,Yes,No,Yes,Yes,Yes,No,"Durable and resistant to oxidation, suitable for food service and marine environments."
14,Stainless Steel (316),Link,"0.060"", 0.125"", 0.187"", 0.250""",Yes,No,No,Yes,No,Yes,No,Yes,No,Yes,Yes,Yes,No,"Superior corrosion resistance, used in marine and chemical environments."
15,Titanium (Grade 5),Link,"0.040"", 0.060"", 0.125"", 0.187"", 0.250""",Yes,No,No,No,No,Yes,No,No,No,No,No,Yes,No,"High strength-to-weight ratio and corrosion resistance, used in aerospace and medical applications."
16,Titanium (Grade 2),Link,"0.040""",Yes,No,No,Yes,No,No,No,No,No,No,No,No,No,"Excellent corrosion resistance and ductility, suitable for aerospace and chemical processing."
17,ACM Panel,Link,"0.118"", 0.236""",No,Yes,Yes,No,No,No,No,No,No,No,No,No,No,"Lightweight and rigid, used in signage and architectural cladding."
18,Carbon Fiber,Link,"0.040"", 0.063"", 0.079"", 0.118"", 0.157"", 0.197""",No,No,Yes,No,No,No,No,No,No,No,No,No,No,"Lightweight and high strength, ideal for aerospace and automotive applications."
19,Cork (Gasket Grade),Link,"0.063"", 0.125""",Yes,No,No,No,No,No,No,No,No,No,No,No,No,"Compressibility and resilience, used in gaskets and seals."
20,G-10-FR-4,Link,"0.063"", 0.125"", 0.250"", 0.375""",No,No,Yes,No,No,No,No,No,No,No,No,No,No,"High strength and electrical insulation, used in electronics and tool handles."
21,Phenolic,Link,"0.125"", 0.250"", 0.375""",No,No,Yes,No,No,No,No,No,No,No,No,No,No,"Machinability and electrical insulation, used in gears and bushings."
22,ABS,Link,"0.125"", 0.187"", 0.234""",No,Yes,No,No,No,No,Yes,No,No,No,Yes,No,No,"High strength-to-density ratio, used in automotive parts and electronic housings."
23,Acrylic,Link,"0.118"", 0.177"", 0.214""",Yes,No,No,No,No,No,No,No,No,No,No,No,No,"Optical clarity and durability, used in signage and displays."
24,Delrin,Link,"0.125"", 0.270""","Yes (0.125"")","Yes (0.270"")",No,No,No,No,Yes,No,No,No,Yes,No,No,"High strength and machinability, used in precision parts and industrial applications."
25,HDPE,Link,"0.250"", 0.375"", 0.500""",No,Yes,No,No,No,No,Yes,No,No,No,Yes,No,No,"Impact resistance and low moisture absorption, used in marine and industrial applications."
26,Polycarbonate,Link,"0.118"", 0.177"", 0.220""",No,Yes,No,Yes,No,No,No,No,No,No,Yes,No,No,"Toughness and transparency, used in safety glass and machine guards."
27,UHMW,Link,"0.375"", 0.500""",No,Yes,No,No,No,No,Yes,No,No,No,No,No,No,"Excellent impact resistance and chemical resistance, used in wear applications."
28,Birch Plywood,Link,"0.354"", 0.472""",No,Yes,No,No,No,No,No,No,No,No,No,No,No,"Stability and strength, used in furniture and cabinetry."
29,Chipboard,Link,"0.030""",Yes,No,No,No,No,No,No,No,No,No,No,No,No,"Affordable and versatile, used in prototyping and packaging."
30,Hardboard,Link,"0.125""",Yes,No,No,No,No,No,No,No,No,No,No,No,No,"Durable and workable, used in prototyping and lightweight furniture."
31,MDF,Link,"0.125"", 0.250"", 0.375"", 0.472""","Yes (0.125"" & 0.250"")","Yes (0.375"" & 0.472"")",No,No,No,No,No,No,No,No,No,No,No,"Smooth surface and ease of machining, used in furniture and interior applications."